Year,Paper Name,Paper URL
,Question Papers,https://www.vedantu.com/neet/neet-question-paper
,NEET Question Papers,https://www.vedantu.com/neet/neet-previous-year-question-paper
2026,Re NEET 2026 Question Paper with Solutions,https://www.vedantu.com/neet/re-neet-question-paper-2026
2026,NEET 2026 Question Paper with Solutions,https://www.vedantu.com/neet/neet-question-paper-2026
2025,NEET 2025 Question Paper with Solutions,https://www.vedantu.com/neet/neet-question-paper-2025
2024,NEET 2024 Question Paper with Solutions,https://www.vedantu.com/neet/neet-question-paper-2024
2023,NEET 2023 Question Paper with Solutions,https://www.vedantu.com/neet/neet-question-paper-2023
2022,NEET 2022 Question Paper with Solutions,https://www.vedantu.com/neet/neet-question-paper-2022
2021,NEET 2021 Question Paper with Solutions,https://www.vedantu.com/neet/neet-question-paper-2021
2020,NEET 2020 Question Paper with Solutions,https://www.vedantu.com/neet/neet-question-paper-2020
2019,NEET 2019 Question Paper with Solutions,https://www.vedantu.com/neet/neet-question-paper-2019
2018,NEET 2018 Question Paper with Solutions,https://www.vedantu.com/neet/neet-question-paper-2018
2017,NEET 2017 Question Paper with Solutions,https://www.vedantu.com/neet/neet-question-paper-2017
2016,NEET 2016 Question Paper with Solutions,https://www.vedantu.com/neet/neet-question-paper-2016
2015,NEET 2015 Question Paper with Solutions,https://www.vedantu.com/neet/neet-question-paper-2015
2026,Re NEET UG Physics Question Paper with Solution 2026,https://www.vedantu.com/neet/re-neet-physics-question-paper-2026
2026,Re NEET UG Chemistry Question Paper with Solution 2026,https://www.vedantu.com/neet/re-neet-chemistry-question-paper-2026
2026,Re NEET UG Biology Question Paper with Solution 2026,https://www.vedantu.com/neet/re-neet-biology-question-paper-2026
2026,NEET UG Physics Question Paper with Solution 2026,https://www.vedantu.com/neet/neet-physics-question-paper-2026
2026,NEET UG Chemistry Question Paper with Solution 2026,https://www.vedantu.com/neet/neet-chemistry-question-paper-2026
2026,NEET UG Biology Question Paper with Solution 2026,https://www.vedantu.com/neet/neet-biology-question-paper-2026
2025,NEET UG Physics Question Paper with Solution 2025,https://www.vedantu.com/neet/neet-physics-question-paper-2025
2025,NEET UG Chemistry Question Paper with Solution 2025,https://www.vedantu.com/neet/neet-chemistry-question-paper-2025
2025,NEET UG Biology Question Paper with Solution 2025,https://www.vedantu.com/neet/neet-biology-question-paper-2025
2024,NEET UG Physics Question Paper with Solution 2024,https://www.vedantu.com/neet/neet-physics-question-paper-2024
2024,NEET UG Chemistry Question Paper with Solution 2024,https://www.vedantu.com/neet/neet-chemistry-question-paper-2024
2024,NEET UG Botany Question Paper with Solution 2024,https://www.vedantu.com/neet/neet-botany-question-paper-2024
2024,NEET UG Zoology Question Paper with Solution 2024,https://www.vedantu.com/neet/neet-zoology-question-paper-2024
2023,NEET 2023 Physics Question Paper,https://www.vedantu.com/neet/neet-physics-question-paper-2023
2023,NEET 2023 Chemistry Question Paper,https://www.vedantu.com/neet/neet-chemistry-question-paper-2023
2023,NEET 2023 Botany Question Paper,https://www.vedantu.com/neet/neet-botany-question-paper-2023
2023,NEET 2023 Zoology Question Paper,https://www.vedantu.com/neet/neet-zoology-question-paper-2023
2022,NEET 2022 Physics Question Paper,https://www.vedantu.com/neet/neet-physics-question-paper-2022
2022,NEET 2022 Chemistry Question Paper,https://www.vedantu.com/neet/neet-chemistry-question-paper-2022
2022,NEET 2022 Botany Question Paper,https://www.vedantu.com/neet/neet-botany-question-paper-2022
2022,NEET 2022 Zoology Question Paper,https://www.vedantu.com/neet/neet-zoology-question-paper-2022
2021,NEET 2021 Question Paper with Answers Key for Code-o1,https://www.vedantu.com/neet/neet-question-paper-2021-code-o1
2020,NEET 2020 Question Paper with Solution for Code-F1,https://www.vedantu.com/neet/neet-question-paper-2020
2019,NEET 2019 Question Paper with Solutions for Code-P1,https://www.vedantu.com/neet/neet-question-paper-2019-code-p1
2019,NEET 2019 Question Paper with Solutions for Code-P2,https://www.vedantu.com/neet/neet-question-paper-2019-code-p2
2019,NEET 2019 Question Paper with Solutions for Code-Q2,https://www.vedantu.com/neet/neet-question-paper-2019-code-q2
2019,NEET 2019 Question Paper with Solutions for Code-R3,https://www.vedantu.com/neet/neet-question-paper-2019-code-r3
2019,NEET 2019 Question Paper with Solutions for Code-S2,https://www.vedantu.com/neet/neet-question-paper-2019-code-s2
2018,NEET 2018 Question Paper with Solutions for Code-AA,https://www.vedantu.com/neet/neet-question-paper-2018-code-aa
2018,NEET 2018 Question Paper with Solutions for Code-EE,https://www.vedantu.com/neet/neet-question-paper-2018-code-ee
2018,NEET 2018 Question Paper with Solutions for Code-PP,https://www.vedantu.com/neet/neet-question-paper-2018-code-pp
2018,NEET 2018 Question Paper with Solutions for Code-WW,https://www.vedantu.com/neet/neet-question-paper-2018-code-ww
2018,NEET 2018 Question Paper with Solutions for Code-NN,https://www.vedantu.com/neet/neet-question-paper-2018-code-nn
2017,NEET 2017 Question Paper Code-A,https://www.vedantu.com/neet/neet-question-paper-2017-code-a
2017,NEET 2017 Question Paper Code-B,https://www.vedantu.com/neet/neet-question-paper-2017-code-b
2017,NEET 2017 Question Paper Code-C,https://www.vedantu.com/neet/neet-question-paper-2017-code-c
2017,NEET 2017 Question Paper Code-D,https://www.vedantu.com/neet/neet-question-paper-2017-code-d
2017,NEET 2017 Question Paper Code-S,https://www.vedantu.com/neet/neet-question-paper-2017-code-s
2016,NEET 2016 Phase-I Question Paper Code-A/P/W,https://www.vedantu.com/neet/neet-question-paper-2016-phase-1-code-a
2016,NEET 2016 Phase-I Question Paper Code-B/Q/X,https://www.vedantu.com/neet/neet-question-paper-2016-phase-1-code-x
2016,NEET 2016 Phase-I Question Paper Code-C/R/Y,https://www.vedantu.com/neet/neet-question-paper-2016-phase-1-code-y
2016,NEET 2016 Phase-I Question Paper Code-D/S/Z,https://www.vedantu.com/neet/neet-question-paper-2016-phase-1-code-z
2016,NEET 2016 Phase-II Question Paper Code-AA,https://www.vedantu.com/neet/neet-question-paper-2016-phase-2-code-aa
2016,NEET 2016 Phase-II Question Paper Code-XX,https://www.vedantu.com/neet/neet-question-paper-2016-phase-2-code-xx
2016,NEET 2016 Phase-II Question Paper Code-ZZ,https://www.vedantu.com/neet/neet-question-paper-2016-phase-2-code-zz
2015,NEET 2015 Question Paper Code-A,https://www.vedantu.com/neet/neet-question-paper-2015-code-a
2015,NEET 2015 Question Paper Code-B,https://www.vedantu.com/neet/neet-question-paper-2015-code-b
2015,NEET 2015 Question Paper Code-C,https://www.vedantu.com/neet/neet-question-paper-2015-code-c
2015,NEET 2015 Question Paper Code-D,https://www.vedantu.com/neet/neet-question-paper-2015-code-d
,NEET Question Papers,https://www.vedantu.com/neet/neet-previous-year-question-paper
2024,NEET 2024 Zoology Paper Analysis & Question Paper with Solutions PDF,https://www.vedantu.com/neet/neet-zoology-question-paper-2024
2024,NEET 2024 Botany Paper Analysis & Question Paper with Solutions PDF,https://www.vedantu.com/neet/neet-botany-question-paper-2024
2024,NEET 2024 Chemistry Paper Analysis & Question Paper with Solutions PDF,https://www.vedantu.com/neet/neet-chemistry-question-paper-2024
2015,NEET Previous Year Question Papers (2015–2026) PDF with Detailed Solutions,https://www.vedantu.com/neet/neet-previous-year-question-paper
,Previous Year Question Paper,https://www.vedantu.com/previous-year-question-paper/
,NEET Question Papers,https://www.vedantu.com/neet/neet-previous-year-question-paper
,CBSE Previous Year Question Papers Class 12,https://www.vedantu.com/previous-year-question-paper/cbse-previous-year-question-papers-class-12?utm_source=SEO&utm_medium=Footer&utm_campaign=SEO&utm_content=Study_Materials
,CBSE Previous Year Question Papers Class 10,https://www.vedantu.com/previous-year-question-paper/cbse-previous-year-question-papers-class-10?utm_source=SEO&utm_medium=Footer&utm_campaign=SEO&utm_content=Study_Materials
,Previous Year Question Papers,https://www.vedantu.com/previous-year-question-paper?utm_source=SEO&utm_medium=Footer&utm_campaign=SEO&utm_content=Study_Materials
,JEE Main Previous Year Question Paper,https://www.vedantu.com/jee-main/previous-year-question-paper?utm_source=SEO&utm_medium=Footer&utm_campaign=SEO&utm_content=Study_Materials
,JEE Advanced Previous Year Question Paper,https://www.vedantu.com/jee-advanced/previous-year-question-paper?utm_source=SEO&utm_medium=Footer&utm_campaign=SEO&utm_content=Study_Materials
,NEET Previous Year Question Paper,https://www.vedantu.com/neet/neet-previous-year-question-paper?utm_source=SEO&utm_medium=Footer&utm_campaign=SEO&utm_content=Study_Materials
